48266,My Mother
38,Eternal Sunshine of the Spotless Mind
11130,The Princess Diaries 2: Royal Engagement
11036,The Notebook
70,Million Dollar Baby
56903,Three Steps Over Heaven
9509,Man on Fire
615,The Passion of the Christ
2502,The Bourne Supremacy
1538,Collateral
9833,The Phantom of the Opera
7220,The Punisher
594,The Terminal
2567,The Aviator
1966,Alexander
9675,Sideways
27,9 Songs
11358,Walking Tall
140,Bad Education
10589,After the Sunset
13416,Friday Night Lights
924,Dawn of the Dead
1640,Crash
2288,Closer
25313,P.S.
4599,Raising Helen
14024,Raise Your Voice
6947,The Village
12140,Ghost in the Shell 2: Innocence
4553,The Machinist
4836,Layer Cake
11866,Flight of the Phoenix
421,The Life Aquatic with Steve Zissou
11128,Ladder 49
11081,Taking Lives
4380,Shall We Dance?
13969,First Daughter
10145,The Forgotten
10677,Dirty Dancing: Havana Nights
14337,Primer
9953,A Love Song for Bobby Long
1913,The Sea Inside
9688,Melinda and Melinda
11208,Wicker Park
11169,Spartan
5528,The Chorus
10742,The Clearing
15058,Speak
25786,Samantha: An American Girl Holiday
57825,Bride & Prejudice
401,Garden State
11099,The Final Cut
613,Downfall
9550,House of Flying Daggers
14134,Main Hoon Na
34843,Hawking
11162,The Merchant of Venice
1677,Ray
1653,The Motorcycle Diaries
8849,Alfie
10361,Ginger Snaps 2: Unleashed
14207,The Librarian: Quest for the Spear
11058,Godsend
80,Before Sunset
14846,Little Black Book
205,Hotel Rwanda
12924,The Place Promised in Our Early Days
11636,New Police Story
15859,A Moment to Remember
844,2046
11658,Tae Guk Gi: The Brotherhood of War
4251,Veer-Zaara
41171,Noel
7548,The Libertine
7291,36th Precinct
14114,You Got Served
13572,Twisted
5460,Cruel Intentions 3
9393,Before the Fall: Hitler's Elite
15774,Swades
866,Finding Neverland
11184,Kinsey
59716,The Adventures of Ociee Nash
9372,Super Size Me
2841,A Very Long Engagement
14462,The Manchurian Candidate
842,The Assassination of Richard Nixon
2003,Anatomy of Hell
10740,Birth
12703,The Brown Bunny
10609,The Life and Death of Peter Sellers
363,Head-On
12109,It's All Gone Pete Tong
1901,In Good Company
11109,Vera Drake
1997,Two Brothers
12281,Mean Creek
12483,Riding the Bullet
14292,Miracle
41472,Flower & Snake
1280,3-Iron
276,The Edukators
15775,If Only
5552,Immortal
13193,Saved!
32528,Spartacus
10296,The Football Factory
11632,Vanity Fair
11171,Mysterious Skin
21301,Barbershop 2: Back in Business
6478,Beyond the Sea
14247,Sniper 3
9692,The Woodsman
16729,Don't Move
16791,Five Children and It
17478,Dhoom
3056,Frankenstein
15644,Paparazzi
13373,Millions
34308,Modigliani
18804,Head in the Clouds
342,Summer Storm
10367,Wild Things 2
12877,Dead Man's Shoes
16232,Mr. 3000
11662,Casshern
1944,The Door in the Floor
2517,Nobody Knows
11588,The I Inside
12583,Ginger Snaps Back: The Beginning
436,Maria Full of Grace
15237,De-Lovely
11328,Pusher II: With Blood on My Hands
16358,Eulogy
9528,Ladies in Lavender
20641,Love's Enduring Promise
24653,The Consequences of Love
8842,Against the Ropes
24363,House of D
4974,Five Times Two
20941,Innocent Voices
8981,Dear Frankie
47120,Antares
33065,Alesha Popovich and Tugarin the Dragon
13073,Palindromes
1279,Samaritan Girl
38328,What Will Become of Us
26463,A Boyfriend for Christmas
26579,The Heart is Deceitful Above All Things
18165,The 24th Day
25126,Six Shooter
31165,Inside I'm Dancing
21776,Cash Truck
20544,Something the Lord Made
59474,Cazuza: Time Doesn't Stop
15318,The Taste of Tea
20304,Never Die Alone
23601,We Don't Live Here Anymore
24685,Viper In The Fist
20128,Life Is a Miracle
4253,Hum Tum
18923,A Home at the End of the World
20357,Trauma
20912,She Hate Me
39850,Eros
21175,Lakshya
20495,Mujhse Shaadi Karogi
34671,Olga
49007,Iron Jawed Angels
22085,The Last Casino
15503,Around the Bend
16133,Survive Style 5+
83144,Plain Truth
17825,The 11 Commandments
30698,The Five People You Meet In Heaven
33431,A Snake of June
1595,Land of Plenty
10103,Windstruck
46342,Evilenko
16131,Undertow
80346,Nobody Knows Anything!
24034,Teacher's Pet
29363,A World Without Thieves
51363,When Will I Be Loved
16605,Somersault
464,As It Is in Heaven
76684,Masti
17452,Pride
21198,House of Voices
67216,The Dead Will Tell
57685,The Best Thief In The World
28698,Everything
43670,Stateside
25903,Marie and Bruce
25460,Return to Sender
48594,The Uninvited Guest
16635,Country of My Skull
38349,Wilby Wonderful
57174,I Do (but I Don't)
18701,Being Julia
39504,Moolaadé
21115,Fighter in the Wind
9830,Haven
20125,Gladiatress
129308,Georges Bataille's Story of the Eye
20669,Death Valley: The Revenge of Bloody Bill
120515,Book of Love
14653,Happily Ever After
41847,Strip Search
59700,12 Days of Christmas Eve
12580,Izo
32298,Seeing Other People
57495,Call Me: The Rise and Fall of Heidi Fleiss
12612,Freeze Frame
290088,Imperium: Nero
70476,Gracie's Choice
12249,Aaltra
41747,Childstar
45990,Christmas Rematch
40990,The Keeper
2349,Peas at 5:30
36799,Sugar
27069,The Raspberry Reich
25631,The Great Challenge
9391,Enduring Love
47336,Clementine
78293,Right Now
127642,Feng Shui
89111,Where's Firuze?
34601,Three Way
105357,Felix the Cat Saves Christmas
32171,Infection
36092,Be with You
220029,When I'm Sixty-four
12543,Breaking News
27799,Hana and Alice
442,Popular Music
12086,Machuca
48329,Ryan
28740,Black Friday
41714,The Beautiful Country
45759,Helter Skelter
52538,Mariages !
9971,The Last Run
47200,Schizo
13542,Red Dust
25379,The Blue Butterfly
44656,My Little Bride
17651,Poster Boy
17110,One Point O
24196,The Hillside Strangler
65513,They Came Back
32812,Doing Hard Time
39403,Pursued
86195,Blood
42584,The Last Ride
40876,Down to the Bone
26510,School for Seduction
25664,Throw Down
1404,Ae Fond Kiss...
25350,Imaginary Heroes
45881,The Bridge of San Luis Rey
24747,Bobby Jones: Stroke of Genius
11534,Tropical Malady
18711,Silver City
71043,Bittersweet Memories
14978,Moog
36215,Vital
44415,Benji: Off the Leash!
49214,Once Upon a Time in High School
1126,In My Father's Den
79026,El padrino: The Latin Godfather
92834,Vizontele Tuuba
18475,The Cookout
4676,Grande école
28219,Baadasssss!
38878,She's Too Young
22315,Aitraaz
23857,White Skin
205868,When Angels Come to Town
3875,Brothers
39851,Clean
13678,The Last Trapper
44634,Woman Thou Art Loosed
54582,Wilderness Survival for Girls
38517,The Brooke Ellison Story
41292,The World
16430,Dandelion
33459,Lightning Bug
14086,Agatha and the Storm
33623,Innocence
2319,The Dust Factory
14883,This Girl's Life
2299,The Light
33403,Chrystal
40056,Prom Queen: The Marc Hall Story
42420,The Keys to the House
78952,Engal Anna
44593,Perfect Opposites
57289,Rhinoceros Eyes
19180,A Different Loyalty
28769,A Christmas Carol
42550,Ball and Chain
71507,Jailbait
155973,Aan: Men at Work
82322,Varsham
43410,Yuva
10417,Operation Valkyrie
60030,Malabar Princess
73416,A Bear Named Winnie
20344,The Aryan Couple
20364,Hulchul
27091,Harry and Max
56766,The Riverman
31781,Redemption: The Stan Tookie Williams Story
10109,The White Dragon
66889,Baby For Sale
49681,Lost Embrace
8846,Alone
9596,"Daniel, the Wizard"
34099,Brave New Girl
20162,Addiction - When Nothing Is Enough
19935,Butterfly
52512,Café Lumière
45110,Until the Night
20148,Cowboys & Angels
57977,Moon of Avellaneda
39182,Dirty War
36091,Crying Out Love in the Center of the World
58978,The Erotic Diary of Misty Mundae
21290,Strings
11193,True
21200,Intimate Strangers
42318,Hardcore
5443,Idiot Love
40976,Koma
16433,Grand Theft Parsons
31093,Mind the Gap
26500,Turn Left at the End of the World
19294,30 Days Until I'm Famous
182291,On The Downlow
37009,Unfaithful Women
81700,The Wool Cap
12604,Dalecarlians
163957,Evolution of a Filipino Family
45119,False Pretenses
72051,Garv: Pride and Honour
19398,Simon
609956,Rajmohol
30767,Eternal
